{
    "paper_positions": {
        "\u5e01\u5b89\u4eba\u751f/USDT": {
            "entry_price": 0.1005,
            "quantity": 104.5,
            "timestamp": 1770622694.7538052,
            "highest_price": 0.1005,
            "stop_loss": 0.08916,
            "atr_value": 0.0037800000000000012,
            "features": {
                "rsi": 68.62745098039218,
                "macd": 0.0017786022221674969,
                "super_trend": NaN,
                "st_direction": 1,
                "vwap": 0.09503660550958104,
                "atr": 0.0037800000000000012,
                "ATR": 0.0037800000000000012,
                "close": 0.1005,
                "ml_prob": 0.5,
                "indicators": {
                    "BREAKOUT": {
                        "strategy": "BREAKOUT",
                        "action": "HOLD",
                        "score": 0.0,
                        "details": {
                            "bb_width": 0.11135234485890226,
                            "vol_ratio": 0.7569263957963408,
                            "was_squeezed": true,
                            "breakout": false
                        }
                    },
                    "MEAN_REVERSION": {
                        "strategy": "MEAN_REVERSION",
                        "action": "HOLD",
                        "score": 0.0,
                        "details": {
                            "rsi": 68.62745098039218,
                            "hist_bottoming": false,
                            "touched_lower": false
                        }
                    },
                    "MOMENTUM": {
                        "strategy": "MOMENTUM",
                        "action": "ENTRY",
                        "score": 7.0,
                        "details": {
                            "adx": 36.68566084230281,
                            "st_bullish": true,
                            "macd_cross": false
                        }
                    }
                },
                "regime": "TRENDING",
                "is_no_trade_zone": false,
                "primary_strategy": "high_score_override",
                "bb_width": 0.11227430825325306,
                "price_history": [
                    0.0965,
                    0.0961,
                    0.0955,
                    0.0961,
                    0.0948,
                    0.0927,
                    0.0945,
                    0.0938,
                    0.0869,
                    0.0911,
                    0.0922,
                    0.0926,
                    0.0949,
                    0.0926,
                    0.0935,
                    0.0917,
                    0.0914,
                    0.091,
                    0.0931,
                    0.0956,
                    0.0921,
                    0.0912,
                    0.0916,
                    0.0913,
                    0.0919,
                    0.0941,
                    0.0945,
                    0.0934,
                    0.0922,
                    0.095,
                    0.0944,
                    0.0943,
                    0.095,
                    0.0947,
                    0.0929,
                    0.0947,
                    0.0967,
                    0.0978,
                    0.0977,
                    0.0962,
                    0.0958,
                    0.0951,
                    0.0964,
                    0.096,
                    0.098,
                    0.1028,
                    0.1006,
                    0.1016,
                    0.1005,
                    0.0995
                ]
            },
            "is_sniper_mode": false
        }
    },
    "wallet_assets": {
        "BNB": {
            "free": 0.00027226,
            "locked": 0.0,
            "total": 0.00027226
        },
        "USDT": {
            "free": 0.21417544,
            "locked": 0.0,
            "total": 0.21417544
        },
        "TRX": {
            "free": 0.0152,
            "locked": 0.0,
            "total": 0.0152
        },
        "SCRT": {
            "free": 0.09230008,
            "locked": 0.0,
            "total": 0.09230008
        },
        "WIF": {
            "free": 0.00591665,
            "locked": 0.0,
            "total": 0.00591665
        },
        "XUSD": {
            "free": 2.48e-06,
            "locked": 0.0,
            "total": 2.48e-06
        },
        "SKY": {
            "free": 0.76500016,
            "locked": 0.0,
            "total": 0.76500016
        },
        "ASTER": {
            "free": 0.00176001,
            "locked": 0.0,
            "total": 0.00176001
        },
        "KITE": {
            "free": 0.0297,
            "locked": 0.0,
            "total": 0.0297
        },
        "AT": {
            "free": 0.06150004,
            "locked": 0.0,
            "total": 0.06150004
        },
        "\u5e01\u5b89\u4eba\u751f": {
            "free": 79.9985,
            "locked": 0.0,
            "total": 79.9985
        }
    },
    "total_balance": 0.21417544,
    "is_live": true,
    "commentary": {
        "market_regime": {
            "trend": "SIDEWAYS",
            "volatility": "LOW"
        },
        "active_strategy": "Yatay Piyasa (Grid Trading Aktif) \ud83d\udd78\ufe0f",
        "top_opportunities": [
            {
                "symbol": "\u5e01\u5b89\u4eba\u751f/USDT",
                "score": 11.5,
                "price": 0.1005,
                "reason": "Y\u00fcksek Skorlu Sinyal"
            },
            {
                "symbol": "DCR/USDT",
                "score": 11.5,
                "price": 26.16,
                "reason": "Y\u00fcksek Skorlu Sinyal"
            },
            {
                "symbol": "BARD/USDT",
                "score": 11.5,
                "price": 0.8071,
                "reason": "Y\u00fcksek Skorlu Sinyal"
            },
            {
                "symbol": "RIF/USDT",
                "score": 11.071428571428571,
                "price": 0.0409,
                "reason": "Y\u00fcksek Skorlu Sinyal"
            },
            {
                "symbol": "OG/USDT",
                "score": 10.5,
                "price": 3.837,
                "reason": "Y\u00fcksek Skorlu Sinyal"
            }
        ],
        "portfolio_analysis": {
            "\u5e01\u5b89\u4eba\u751f/USDT": {
                "pnl_pct": -0.9950248756218913,
                "comment": "Maliyet: 0.1005. Zarar: %-1.00 \ud83d\udd34",
                "value": 10.39775
            }
        },
        "last_updated": 1770622801.351655,
        "brain_plan": null,
        "brain_plan_history": [
            {
                "timestamp": 1770622653.4276237,
                "action": "HOLD",
                "reason": "Piyasada daha iyi bir f\u0131rsat bulunamad\u0131.",
                "details": {
                    "worst_asset": {
                        "symbol": "\u5e01\u5b89\u4eba\u751f/USDT",
                        "score": 0,
                        "is_locked": true,
                        "hold_time": 328.34620785713196
                    }
                }
            },
            {
                "timestamp": 1770622709.955666,
                "action": "HOLD",
                "reason": "\u5e01\u5b89\u4eba\u751f/USDT yeni al\u0131nd\u0131, hen\u00fcz sat\u0131lamaz. (15s < 3600s)",
                "details": {
                    "worst_asset": {
                        "symbol": "\u5e01\u5b89\u4eba\u751f/USDT",
                        "score": 11.5,
                        "is_locked": true,
                        "hold_time": 15.201823234558105
                    },
                    "best_opportunity": {
                        "symbol": "PAXG/USDT",
                        "score": 9.5
                    },
                    "score_diff": -2.0,